PRAGMA foreign_keys = ON;
.mode columns
.header on
--Utilizador
INSERT INTO Utilizador  VALUES
 (1, 'ghighnam0@odnoklassniki.ru', 'Glenna Highnam', '2000-04-25', 'aslan', 'IR', 'F'),
 (2, 'awisham1@deliciousdays.com', 'Alexander Wisham', '1965-03-02', 'Maoping', 'CN', 'M'),
 (3, 'dbridson2@delicious.com', 'Donetta Bridson', '1990-03-04', 'Bungbulang', 'ID', 'F'),
 (4, 'smarkwick3@timesonline.co.uk', 'Samuel Markwick', '2008-09-05', 'Calamba', 'PH', 'M'),
 (5, 'pdarter4@imageshack.us', 'Petra Darter', '2000-08-12', 'Leubatang', 'ID', 'F'),
 (6, 'jhens5@whitehouse.gov', 'Jacquelynn Hens', '2000-04-16', 'Yunxi', 'CN', 'F'),
 (7, 'mestick6@livejournal.com', 'Merline Estick', '1983-03-23', 'Rogozno', 'PL', 'F'),
 (8, 'pisselee7@blinklist.com', 'Powell Isselee', '2010-07-07', 'Walferdange', 'LU', 'M'),
 (9, 'gplumridge8@mozilla.org', 'Guenna Plumridge', '1985-01-13', 'Landivisiau', 'FR', 'F'),
 (10, 'pclemmens9@wiley.com', 'Peyton Clemmens', '2002-02-29', 'Sinegorskiy', 'RU', 'M'),
 (11, 'hwedgea@paypal.com', 'Haley Wedge', '1981-05-28', 'Boden', 'SE', 'F'),
 (12, 'mvibertb@amazon.de', 'Moses Vibert', '1960-11-04', 'Bouças', 'PT', 'M'),
 (13, 'nkynstonc@weather.com', 'Nevin Kynston', '1969-09-26', 'Yenangyaung', 'MM', 'M'),
 (14, 'gskuresd@epa.gov', 'Garfield Skures', '1999-07-10', 'Kitui', 'KE', 'M'),
 (15, 'emacaindreise@fema.gov', 'Eldridge MacAindreis', '1970-05-08', 'Wola REbkowska', 'PL', 'M'),
 (16, 'ajaggf@google.co.jp', 'Avigdor Jagg', '2000-05-01', 'Zhengan', 'CN', 'M'),
 (17, 'sduddleg@google.co.uk', 'Sly Duddle', '2000-11-08', 'Carreira', 'PT', 'M'),
 (18, 'atebbh@bbb.org', 'Ailey Tebb', '2000-05-03', 'Liaozhong', 'CN', 'F'),
 (19, 'llyttlei@nps.gov', 'Lalo Lyttle', '2000-02-06', 'Biting', 'ID', 'M'),
 (20, 'lbrownhallj@gnu.org', 'Leslie Brownhall', '2000-04-09', 'Rekowo Dolne', 'PL', 'M'),
 (21, 'vodowlingk@usatoday.com', 'Valerye ODowling', '1997-01-09', 'Ila Orangun', 'NG', 'F'),
 (22, 'alel@arstechnica.com', 'Adham Le Provost', '1983-05-04', 'Uychi', 'UZ', 'M'),
 (23, 'rdymockem@buzzfeed.com', 'Ronica Dymocke', '1967-08-31', 'Radzyń Chełmiński', 'PL', 'F'),
 (24, 'pdisleen@networksolutions.com', 'Portie Dislee', '1985-10-08', 'Santa Rosa', 'PE', 'M'),
 (25, 'pscotchbrooko@posterous.com', 'Phylys Scotchbrook', '1974-05-20', 'Milwaukee', 'US', 'F'),
 (26, 'divanishinp@xrea.com', 'Darsie Ivanishin', '1988-05-07', 'Solidaridad', 'MX', 'F'),
 (27, 'rzeplinq@qq.com', 'Ruperto Zeplin', '1988-10-09', 'Rantīs', 'PS', 'M'),
 (28, 'pangelinir@berkeley.edu', 'Paul Angelini', '1974-10-04', 'Sangalhos', 'PT', 'M'),
 (29, 'emarqyess@deliciousdays.com', 'Erwin Marqyes', '1984-07-25', 'Monaragala', 'LK', 'M'),
 (30, 'cyeowellt@nationalgeographic.com', 'Cazzie Yeowell', '1987-12-03', 'Dolores', 'UY', 'M'),
 (31, 'jskewesu@photobucket.com', 'Jaymie Skewes', '1969-06-25', 'Yinying', 'CN', 'M'),
 (32, 'fiskowerv@barnesandnoble.com', 'Fletch Iskower', '1990-12-24', 'Wien', 'AT', 'M'),
 (33, 'sjachimakw@vkontakte.ru', 'Skippie Jachimak', '2011-03-24', 'Karabash', 'RU', 'M'),
 (34, 'sjuoriox@narod.ru', 'Staci Juorio', '2004-02-05', 'Weibin', 'CN', 'F'),
 (35, 'sreey@bloglines.com', 'Sasha Ree', '1963-06-22', 'Włosienica', 'PL', 'M'),
 (36, 'ptredwellz@sphinn.com', 'Pierre Tredwell', '1960-10-06', 'Brangsi', 'ID', 'M'),
 (37, 'nyu10@artisteer.com', 'Nananne Yu', '1999-05-20', 'Dama', 'CN', 'F'),
 (38, 'bgatecliffe11@istockphoto.com', 'Budd Gatecliffe', '1965-12-23', 'Battle Creek', 'US', 'M'),
 (39, 'rnuscha12@washington.edu', 'Richmond Nuscha', '1996-08-30', 'Novopavlovsk', 'RU', 'M'),
 (40, 'pfurneaux13@tinyurl.com', 'Pablo Furneaux', '2009-12-08', 'Ambositra', 'MG', 'M'),
 (41, 'fcoper14@tmall.com', 'Franzen Coper', '2001-10-07', 'Paris 12', 'FR', 'M'),
 (42, 'afery15@360.cn', 'Arman Fery', '1967-09-13', 'Saint-Péray', 'FR', 'M'),
 (43, 'sbaile16@amazon.co.uk', 'Say Baile', '2005-09-14', 'Lagoa Santa', 'BR', 'M'),
 (44, 'vo17@google.com', 'Vevay O'' Concannon', '2018-02-08', 'Xiaoshanzi', 'CN', 'F'),
 (45, 'dlockhead18@bluehost.com', 'Dido Lockhead', '2006-01-12', 'Fiais da Beira', 'PT', 'F'),
 (46, 'rluciani19@youtu.be', 'Rycca Luciani', '2004-08-19', 'Anbyŏn-ŭp', 'KP', 'F'),
 (47, 'afunnell1a@barnesandnoble.com', 'Ario Funnell', '1969-01-30', 'Międzyzdroje', 'PL', 'M'),
 (48, 'dmcteggart1b@irs.gov', 'Dwayne McTeggart', '1978-08-31', 'Jawhar', 'SO', 'M'),
 (49, 'mbambra1c@sciencedirect.com', 'Maxie Bambra', '2000-03-28', 'Shigony', 'RU', 'M'),
 (50, 'echattell1d@fotki.com', 'Erie Chattell', '1968-01-04', 'Baranoa', 'CO', 'M');


--Canal
INSERT INTO Canal  (idCanal,nome,dataCriacao,idioma,idUtilizador)VALUES 
  (1, '	El Reino Infantil', '2006-08-21', 'BR', 1),
 (2, '	Ryans World', '2008-10-02', 'RU', 2),
 (3, '	Movieclips', '2006-01-13', 'HU', 3),
 (4, '	Vlad and Niki', '2009-04-19', 'ID', 4),
 (5, '	Vlad ', '2010-10-04', 'NG', 5),
 (6, 'Like Nastya', '2006-11-24', 'NG', 6),
 (7, 'WWE', '2018-07-27', 'JP', 7),
 (8, '	Kids Diana show', '2008-05-01', 'BR', 8),
 (9, 'Sony SAB', '2009-06-27', 'ID', 9),
 (10, '	SET India', '2005-05-05', 'IR', 10),
 (11, '	Cocomelon - Nursery Rhymes', '2007-11-18', 'CN', 11),
 (12, 'T-Series', '2016-09-21', 'CN', 12),
 (13, '	Infobelle Hindi', '2018-07-10', 'CN', 13),
 (14, 'Babybus Nursery Rhymes', '2017-11-21', 'SE', 14),
 (15, '	GR6 EXPLODE', '2014-12-15', 'PT', 15),
 (16, 'anita', '2014-07-23', 'PT', 16),
 (17, 'Felipe Neto', '2020-03-28', 'PT', 17),
 (18, 'Lucas Neto', '2007-06-25', 'PT', 18),
 (19, 'Liberato Ensina', '2014-05-24', 'PT', 19),
 (20, 'Canal Nostalgia', '2013-11-11', 'PT', 20);


--TipoConteudo
INSERT INTO TipoConteudo VALUES
 (1,'jogos'),
 (2,'musica'),
 (3,'noticias'),
 (4,'desportos');
 --Video
INSERT INTO Video VALUES
 (1, 'TENTA NAO RIR','nao foi facil: Por favor ignorem qualquer tipo de comentario negativo', '2016-12-12', '00:08:05.3', 1, 1),
 (2, 'O Safari','Espero que gostem', '2018-06-29', '00:23:34.8', 2,2),
 (3, 'House Tour', 'my house is finelly clean so here is the tour', '2007-08-27', '00:31:56.2', 3, 1),
 (4, 'Daily Routine', 'This is everything I do in a day', '2017-01-05', '00:25:21.7', 4, 3),
 (5, 'HALLOWEEN 2018', 'Nao se assuste', '2018-11-02', '00:10:40.6', 5, 4),
 (6, 'Quem faz o melhor origami', 'Foi dificil mas ficaram bem', '2012-05-10', '00:19:43.5', 6, 1),
 (7, 'Movie-Trailer', 'Filme ja disponivel em cinema', '2015-10-24', '00:02:32.7', 7, 1),
 (8, 'How to tie a tie', 'Nao foi muito dificil pois nao?', '2013-09-17', '00:03:26.8',8, 3),
 (9, 'Best movies 2020', 'Here is a list of my favourite movies this year', '2020-12-10', '00:32:35.9',  9, 4),
 (10, 'How to bake a cake', 'Ingredients: eggs, flour, sugar, chocolate', '2010-05-06',  '00:25:58.2',  10, 1),
  (11, 'A vida so tristeza', 'Poucas ideias', '2015-05-06',  '00:05:58.2',  6, 4),
  (12, 'Reagindo a Justin Bieber', 'Poucas ideias', '2020-12-12',  '00:08:00.0',  1, 2),
  (13, 'React ao novo presidente', 'Poucas ideias', '2021-01-06',  '00:15:00.0',  1, 3),
(14, 'Melhores gols do Cristiano Ronaldo', 'Poucas ideias', '2021-02-02',  '00:06:35.5',  1, 4);


--Visualizacao
INSERT INTO Visualizacao VALUES
 (2, 1, '2018-11-22', '00:07:04', 'pesquisa', 16),
 (3, 2, '2010-01-01', '00:24:20', 'recomendacao', 16),
 (4, 3, '2021-08-14', '00:18:33', 'recomendacao', 16),
 (2, 4, '2020-08-28', '00:18:46', 'recomendacao', 16),
 (2, 5, '2018-07-08', '00:15:06', 'recomendacao', 1),
 (3, 6, '2010-12-28', '00:05:07', 'pesquisa', 2),
 (4, 7, '2018-07-18', '00:07:40', 'pesquisa', 3),
 (3, 8, '2018-04-13', '00:22:09', 'pesquisa', 3),
 (1, 9, '2017-06-30', '00:07:36', 'recomendacao', 3),
 (9, 10, '2020-12-11', '00:28:42', 'pesquisa', 20),
 (5, 11, '2021-11-13', '00:07:32', 'recomendacao', 40),
 (4, 12, '2021-08-07', '00:08:41', 'pesquisa', 17),
 (3, 13, '2020-09-10', '00:03:28', 'recomendacao', 18),
 (7, 14, '2019-08-09', '00:01:47', 'pesquisa', 2),
 (5, 15, '2018-11-13', '00:03:44', 'pesquisa', 20),
 (10, 16, '2018-04-24', '00:16:28', 'pesquisa', 48),
 (2, 17, '2021-03-12', '00:05:28', 'recomendacao', 3),
 (3, 18, '2011-12-22', '00:28:30', 'recomendacao', 21),
 (3, 19, '2016-03-30', '00:03:10', 'pesquisa', 43),
 (1, 20, '2017-12-08', '00:06:25', 'recomendacao', 32),
 (10, 21, '2010-12-19', '00:09:49', 'pesquisa', 1),
 (5, 22, '2019-01-20', '00:08:54', 'recomendacao', 14),
 (10, 23, '2020-12-20', '00:02:55', 'recomendacao', 48),
 (8, 24, '2019-10-27', '00:01:23', 'recomendacao', 23),
 (2, 25, '2019-01-30', '00:07:40', 'pesquisa', 13),
  (2, 26, '2021-01-01', '00:04:20', 'recomendacao', 17),
(1, 27, '2021-01-01', '00:05:20', 'recomendacao', 1),
(9, 29, '2021-01-01', '00:05:20', 'recomendacao', 21),
(12, 30, '2022-01-01', '00:03:20', 'recomendacao', 40),
(13, 31, '2022-01-06', '00:04:56', 'recomendacao', 45),
(14, 32, '2022-01-07', '00:06:20', 'recomendacao', 13);



--Comentario (data,video, utilizador)
INSERT INTO Comentario VALUES
(1, 'Diverse zero tolerance strategy', '2021-08-23', 2, 16),
(2, 'Customizable methodical framework', '2021-08-24', 2, 17),
(3, 'De-engineered bandwidth-monitored application', '2021-07-17', 4, 16),
(4, 'Persistent fault-tolerant circuit', '2021-06-09', 2, 16),
(5, 'Intuitive empowering analyzer', '2021-04-05', 2, 1),
(6, 'Front-line secondary product', '2020-12-25', 3, 2),
(7, 'Pre-emptive bi-directional support', '2020-05-12', 4,3),
(8, 'Proactive cohesive structure', '2021-03-05', 3, 3),
(9, 'Decentralized asynchronous framework', '2021-01-18', 1, 3),
(10, 'Cross-platform next generation analyzer', '2021-04-02', 9, 20),
(11, 'Customer-focused 4th generation artificial intelligence', '2021-10-15', 5, 40),
(12, 'nice comment', '2021-10-15', 3, 16),
(13, 'nice video', '2021-10-15', 1, 1),
(14, 'I agree with that', '2021-10-16', 1, 3),
(15, 'I agree with that too', '2021-10-16', 1, 32),
(16, 'Aposto que nao é hater', '2021-10-16', 9, 21),
(17, 'droga nao fui o first aff', '2021-07-18', 4, 17);




--Tag
INSERT INTO Tag (nome) VALUES
 ('#videoprarir'),
('#gaming'),
('#vlogger'),
('#gamer'),
('#music'),
('#love'),
('#viral'),
('#art'),
('#trending'),
('#fortnite'),
('#+18');
--Recomendado
INSERT INTO Recomendado VALUES
(16,3),
(16,4),
(16,2),
(1,2),
(3,1),
(40,5),
(18,3),
(3,2),
(21,3),
(32,1),
(14,5),
(48,10),
(23,8),
(17,2),
(1,1),
(21,9),
(40,12),
(45,13),
(13,14);

--Curte
INSERT INTO Curte  VALUES
 (1,3),
 (2,4),
 (3,5),
 (4,6),
 (5,7),
 (6,8),
 (7,9),
 (8,10),
 (9,1),
 (10,2);
--Gosta
INSERT INTO Gosta  VALUES 
(1,4),
 (2,5),
 (3,6),
 (4,7),
 (5,8),
 (6,9),
 (7,10),
 (8,1),
 (9,2),
 (10,3);
--Denuncia
INSERT INTO Denuncia  VALUES
(1,5),
 (2,6),
 (3,7),
 (4,8),
 (5,9),
 (6,10),
 (7,1),
 (8,2),
 (9,3),
 (10,4);
--VerMaisTarde
INSERT  INTO VerMaisTarde VALUES (1,6),
 (2,7),
 (3,8),
 (4,9),
 (5,10),
 (6,1),
 (7,2),
 (8,3),
 (9,4),
 (10,5);
--VideoTag
INSERT INTO VideoTag  VALUES
 ('#videoprarir',1),
 ('#videoprarir',2),
 ('#gaming',3),
 ('#viral',4),
 ('#art',5),
 ('#vlogger',6),
 ('#viral',7),
 ('#art',8),
 ('#gaming',9),
 ('#art',10);

INSERT INTO Interacao VALUES 
(1,2),
(6,12),
(13,14),
(13,15),
(3,17);
INSERT INTO SUBSCREVE VALUES
(30,1),
(31,1),
(32,1),
(33,1),
(34,1),
(35,1),
(36,1),
(37,1),
(38,1),
(39,1),
(40,1),
(41,1),
(22,2),
(23,2),
(24,2),
(25,2),
(26,2),
(27,3),
(28,4),
(29,5),
(30,6),
(31,7),
(33,8),
(33,9),
(33,10);


